,elev,long,lat,temp,dstl,mass
1,1276,-103.5,43.5,-29.9,100,669.6707171
2,1276,-103.5,43.5,-29.9,97.9,628.3612345
3,1276,-103.5,43.5,-29.9,90,488.1899528
4,1276,-103.5,43.5,-29.9,88,456.3618429
5,1276,-103.5,43.5,-29.9,109,867.2429991
6,1276,-103.5,43.5,-29.9,114,992.1466329
7,1276,-103.5,43.5,-29.9,99,649.7808271
8,1276,-103.5,43.5,-29.9,100,669.6707171
9,1276,-103.5,43.5,-29.9,111,915.8624325
10,1276,-103.5,43.5,-29.9,90,488.1899528
11,1276,-103.5,43.5,-29.9,88,456.3618429
12,2124,-111.8,35.8,-29.9,90.8,501.3244135
13,1276,-103.5,43.5,-29.9,94.5,565.1408941
14,2564,-110.5,44.6,-29.9,88.1,457.9193905
15,2200,-105.5,41.3,-29.9,105.6,788.5932646
16,2200,-105.5,41.3,-29.9,106.1,799.8479951
17,2200,-105.5,41.3,-29.9,88.8,468.9215654
18,2200,-105.5,41.3,-29.9,89.6,481.7096403
19,2200,-105.5,41.3,-29.9,96.8,607.4176129
20,2200,-105.5,41.3,-29.9,94.4,563.3486938
21,2200,-105.5,41.3,-29.9,96.6,603.6604013
22,2200,-105.5,41.3,-29.9,97,611.1903824
23,2200,-105.5,41.3,-29.9,96.8,607.4176129
24,2200,-105.5,41.3,-29.9,95.5,583.2723961
25,2200,-105.5,41.3,-29.9,93.1,540.3937926
26,2200,-105.5,41.3,-29.9,105.6,788.5932646
27,2200,-105.5,41.3,-29.9,102.5,721.1621171
28,2200,-105.5,41.3,-29.9,101.7,704.4078183
29,2200,-105.5,41.3,-29.9,99.4,657.688824
30,2200,-105.5,41.3,-29.9,95.1,575.9739738
31,2200,-105.5,41.3,-29.9,93.3,543.8839463
32,2200,-105.5,41.3,-29.9,97.7,624.5180572
33,2200,-105.5,41.3,-29.9,97.4,618.7827232
35,2200,-105.5,41.3,-29.9,94.9,572.3477055
36,2200,-105.5,41.3,-29.9,96.2,596.1925227
37,2200,-105.5,41.3,-29.9,96.9,609.3020509
38,2200,-105.5,41.3,-29.9,99.4,657.688824
39,2200,-105.5,41.3,-29.9,99.5,659.6757979
40,2200,-105.5,41.3,-29.9,100.5,679.7660869
41,2200,-105.5,41.3,-29.9,100.9,687.9150446
42,1557,-111.6,35.9,-29.9,82,369.2350039
43,1557,-111.6,35.9,-29.9,80.6,350.644018
44,1557,-111.6,35.9,-29.9,76.1,295.1313056
45,904,-100.9,38.5,-32,93.8,552.6750051
46,904,-100.9,38.5,-32,105.1,777.4446099
47,904,-100.9,38.5,-32,92.1,523.1668282
48,904,-100.9,38.5,-32,102.3,716.9489119
49,1643,-105.9,42.8,-32,57.4,126.6476064
134,1643,-105.9,42.8,-32,77.7,314.1408143
135,1643,-105.9,42.8,-32,77.6,312.9294758
136,1643,-105.9,42.8,-32,83.7,392.6790058
137,1643,-105.9,42.8,-32,83.9,395.5006406
138,1643,-105.9,42.8,-32,73.6,266.9898503
139,1643,-105.9,42.8,-32,77,305.7267815
140,1643,-105.9,42.8,-32,71,239.682516
141,1643,-105.9,42.8,-32,73.5,265.9030544
142,1643,-105.9,42.8,-32,74,271.3666467
143,1643,-105.9,42.8,-32,79,330.1737807
144,1643,-105.9,42.8,-32,73.1,261.5853632
145,1643,-105.9,42.8,-32,81.6,363.8578802
146,1643,-105.9,42.8,-32,78.7,326.4265732
147,1643,-105.9,42.8,-32,78.9,328.9215426
148,1643,-105.9,42.8,-32,81,355.8904756
149,1643,-105.9,42.8,-32,76.9,304.5371844
150,1643,-105.9,42.8,-32,84,396.9165127
151,1643,-105.9,42.8,-32,63.5,171.4677641
152,1643,-105.9,42.8,-32,80.9,354.5739893
153,1643,-105.9,42.8,-32,70.4,233.6572636
154,1643,-105.9,42.8,-32,71.6,245.8104692
155,1643,-105.9,42.8,-32,73.9,270.2679976
156,1643,-105.9,42.8,-32,80.5,349.34051
158,1643,-105.9,42.8,-32,73.7,268.0796034
159,1643,-105.9,42.8,-32,84.7,406.9223462
160,1643,-105.9,42.8,-32,75.4,287.0617621
161,1643,-105.9,42.8,-32,77.5,311.7212552
162,1643,-105.9,42.8,-32,86.5,433.420682
164,1643,-105.9,42.8,-32,76.3,297.4643487
165,1643,-105.9,42.8,-32,79.8,340.3062951
166,1643,-105.9,42.8,-32,73.2,262.6603702
167,1643,-105.9,42.8,-32,78.5,323.9442525
168,1643,-105.9,42.8,-32,87.7,451.7103992
169,1643,-105.9,42.8,-32,75.9,292.8104935
170,1643,-105.9,42.8,-32,78.6,325.1838338
171,1643,-105.9,42.8,-32,72,249.9532558
172,1643,-105.9,42.8,-32,72.2,252.0419909
173,1643,-105.9,42.8,-32,72.1,250.9961749
174,1643,-105.9,42.8,-32,83.9,395.5006406
175,1643,-105.9,42.8,-32,87.7,451.7103992
177,1643,-105.9,42.8,-32,84.8,408.3653319
178,1643,-105.9,42.8,-32,80.9,354.5739893
179,1643,-105.9,42.8,-32,66.8,199.6138616
205,1643,-105.9,42.8,-32,90.7,499.6698788
226,1643,-105.9,42.8,-32,71.7,246.8418404
227,1643,-105.9,42.8,-32,59,137.5363022
228,1643,-105.9,42.8,-32,74.8,280.2632168
229,1643,-105.9,42.8,-32,58.5,134.0691658
230,1643,-105.9,42.8,-32,79.7,339.0285506
231,1643,-105.9,42.8,-32,75.5,288.2054331
232,1643,-105.9,42.8,-32,57.3,125.9868376
233,1643,-105.9,42.8,-32,72.9,259.4441567
234,1643,-105.9,42.8,-32,73,260.5132933
235,1643,-105.9,42.8,-32,78.7,326.4265732
236,1643,-105.9,42.8,-32,78.6,325.1838338
237,1643,-105.9,42.8,-32,72.5,255.1968612
238,1643,-105.9,42.8,-32,76.5,299.8096547
239,1643,-105.9,42.8,-32,75.5,288.2054331
240,1643,-105.9,42.8,-32,71.8,247.8760926
241,1643,-105.9,42.8,-32,76.5,299.8096547
242,1643,-105.9,42.8,-32,69.8,227.7338439
243,1643,-105.9,42.8,-32,82.2,371.9433184
244,1643,-105.9,42.8,-32,73,260.5132933
245,1643,-105.9,42.8,-32,87.3,445.5577888
246,1643,-105.9,42.8,-32,60.3,146.8294748
247,1643,-105.9,42.8,-32,78.1,319.0174288
248,1643,-105.9,42.8,-32,72.4,254.1423301
249,1643,-105.9,42.8,-32,75.8,291.6546639
250,1643,-105.9,42.8,-32,74.9,281.3887705
251,1643,-105.9,42.8,-32,75.6,289.3521378
252,1643,-105.9,42.8,-32,67.5,205.9551363
253,1643,-105.9,42.8,-32,58.4,133.3828062
254,1643,-105.9,42.8,-32,75.7,290.50188
255,1643,-105.9,42.8,-32,76.2,296.2962963
256,1643,-105.9,42.8,-32,84,396.9165127
257,1643,-105.9,42.8,-32,71.8,247.8760926
258,1643,-105.9,42.8,-32,71.6,245.8104692
259,1643,-105.9,42.8,-32,74.6,278.0211217
260,1643,-105.9,42.8,-32,71.7,246.8418404
261,1643,-105.9,42.8,-32,72.4,254.1423301
262,1643,-105.9,42.8,-32,72.6,256.2543055
263,1643,-105.9,42.8,-32,71.7,246.8418404
264,1643,-105.9,42.8,-32,69.2,221.9113892
265,1643,-105.9,42.8,-32,80.3,346.7431934
266,1643,-105.9,42.8,-32,62.1,160.3747932
267,1643,-105.9,42.8,-32,70.4,233.6572636
268,1643,-105.9,42.8,-32,60.8,150.5123188
269,1643,-105.9,42.8,-32,79.8,340.3062951
270,1643,-105.9,42.8,-32,65.2,185.6111647
271,1643,-105.9,42.8,-32,62.3,161.9293038
273,1643,-105.9,42.8,-32,79.3,333.9495563
274,1643,-105.9,42.8,-32,78,317.7935781
275,1643,-105.9,42.8,-32,79,330.1737807
276,1643,-105.9,42.8,-32,61,152.002529
277,1643,-105.9,42.8,-32,80.8,353.2607537
285,1295,-107.2,44.7,-31.8,101.9,708.5717946
286,1295,-107.2,44.7,-31.8,94.6,566.9368913
287,1295,-107.2,44.7,-31.8,91.2,507.979076
288,1295,-107.2,44.7,-31.8,92.7,533.4583425
289,1295,-107.2,44.7,-31.8,91.8,518.0710834
290,1295,-107.2,44.7,-31.8,99.5,659.6757979
291,1295,-107.2,44.7,-31.8,103.5,742.4758944
292,1295,-107.2,44.7,-31.8,97,611.1903824
293,1295,-107.2,44.7,-31.8,101,689.9624095
294,1295,-107.2,44.7,-31.8,94,556.2177829
295,1295,-107.2,44.7,-31.8,98.8,645.8507118
296,1295,-107.2,44.7,-31.8,101.6,702.3319616
297,1295,-107.2,44.7,-31.8,85.1,412.7147487
298,1295,-107.2,44.7,-31.8,97.2,614.9787418
299,1295,-107.2,44.7,-31.8,92.5,530.0129818
300,1295,-107.2,44.7,-31.8,95.3,579.6155266
301,148,-84.6,38.9,-31.8,91.6,514.6923696
302,148,-84.6,38.9,-31.8,92,521.4645513
303,148,-84.6,38.9,-31.8,82.3,373.3024278
304,148,-84.6,38.9,-31.8,101.1,692.0138326
305,148,-84.6,38.9,-31.8,86.7,436.4340248
306,148,-84.6,38.9,-31.8,93.2,542.1369971
307,148,-84.6,38.9,-31.8,107.2,824.9842642
308,148,-84.6,38.9,-31.8,86.3,430.4212416
309,148,-84.6,38.9,-31.8,93.1,540.3937926
310,148,-84.6,38.9,-31.8,106.3,804.379701
311,148,-84.6,38.9,-31.8,90.1,489.8190614
312,148,-84.6,38.9,-31.8,89.7,483.3243081
313,148,-84.6,38.9,-31.8,88.3,461.0451094
314,148,-84.6,38.9,-31.8,89.6,481.7096403
315,148,-84.6,38.9,-31.8,91.4,511.3283779
316,148,-84.6,38.9,-31.8,89.4,478.491101
317,148,-84.6,38.9,-31.8,94.2,559.7756684
318,148,-84.6,38.9,-31.8,92.3,526.5824877
319,148,-84.6,38.9,-31.8,95.4,581.4420448
320,148,-84.6,38.9,-31.8,94.7,568.7366896
321,148,-84.6,38.9,-31.8,89.9,486.5644604
322,148,-84.6,38.9,-31.8,97.7,624.5180572
323,148,-84.6,38.9,-31.8,93.2,542.1369971
324,148,-84.6,38.9,-31.8,95.7,586.9446145
325,148,-84.6,38.9,-31.8,98.3,636.0948249
326,148,-84.6,38.9,-31.8,94.1,557.9948352
327,148,-84.6,38.9,-31.8,94.4,563.3486938
328,148,-84.6,38.9,-31.8,105.3,781.8913748
329,300,-98,30.9,-31.8,97,611.1903824
355,1147,-106.3,44.7,-29.7,95,574.1589311
356,1147,-106.3,44.7,-29.7,95.9,590.6322139
357,1147,-106.3,44.7,-29.7,96.2,596.1925227
358,1147,-106.3,44.7,-29.7,91.5,513.0085355
359,1147,-106.3,44.7,-29.7,91.1,506.3099238
360,1147,-106.3,44.7,-29.7,97.1,613.0826113
361,1147,-106.3,44.7,-29.7,95.4,581.4420448
362,1147,-106.3,44.7,-29.7,91.8,518.0710834
363,1147,-106.3,44.7,-29.7,92.5,530.0129818
364,1147,-106.3,44.7,-29.7,94.3,561.5602866
365,1147,-106.3,44.7,-29.7,101.7,704.4078183
366,1370,-107.2,44.7,-30.7,106.2,802.1117145
367,1370,-107.2,44.7,-30.7,98.4,638.0380868
368,1370,-107.2,44.7,-30.7,103.5,742.4758944
369,1370,-107.2,44.7,-30.7,99.3,655.7058439
370,1370,-107.2,44.7,-30.7,90.2,491.4517902
371,1370,-107.2,44.7,-30.7,98.1,632.2201463
372,1370,-107.2,44.7,-30.7,95.7,586.9446145
373,1370,-107.2,44.7,-30.7,103.8,748.9509386
374,1370,-107.2,44.7,-30.7,104.1,755.4635191
375,1370,-107.2,44.7,-30.7,103.2,736.0382781
376,1370,-107.2,44.7,-30.7,105.1,777.4446099
377,1370,-107.2,44.7,-30.7,95.2,577.7928376
378,1370,-107.2,44.7,-30.7,110.4,901.0907447
379,1370,-107.2,44.7,-30.7,103.6,744.6300784
380,1370,-107.2,44.7,-30.7,97.4,618.7827232
381,1370,-107.2,44.7,-30.7,97.7,624.5180572
382,1370,-107.2,44.7,-30.7,100.8,685.8717339
383,1370,-107.2,44.7,-30.7,93.5,547.3890953
384,1370,-107.2,44.7,-30.7,92.8,535.1866079
385,1370,-107.2,44.7,-30.7,86.3,430.4212416
386,1370,-107.2,44.7,-30.7,97.9,628.3612345
387,1370,-107.2,44.7,-30.7,95.7,586.9446145
388,1370,-107.2,44.7,-30.7,97.9,628.3612345
389,1370,-107.2,44.7,-30.7,94.7,568.7366896
390,1370,-107.2,44.7,-30.7,96.2,596.1925227
391,1370,-107.2,44.7,-30.7,93.4,545.6346444
392,1370,-107.2,44.7,-30.7,93.3,543.8839463
393,1370,-107.2,44.7,-30.7,98.9,647.8137826
394,1370,-107.2,44.7,-30.7,98.4,638.0380868
395,1370,-107.2,44.7,-30.7,95.8,588.7864896
396,1370,-107.2,44.7,-30.7,102.2,714.848477
397,1370,-107.2,44.7,-30.7,96.7,605.5370644
398,1370,-107.2,44.7,-30.7,90.8,501.3244135
399,1370,-107.2,44.7,-30.7,93.8,552.6750051
400,1370,-107.2,44.7,-30.7,107,820.3754243
401,1370,-107.2,44.7,-30.7,106.8,815.7837815
402,1370,-107.2,44.7,-30.7,94.7,568.7366896
403,1370,-107.2,44.7,-30.7,95.1,575.9739738
404,1370,-107.2,44.7,-30.7,100.3,675.7158527
405,1370,-107.2,44.7,-30.7,96.8,607.4176129
406,1370,-107.2,44.7,-30.7,85.7,421.5060131
407,1370,-107.2,44.7,-30.7,102.6,723.2748954
408,1370,-107.2,44.7,-30.7,102.7,725.3917962
409,1370,-107.2,44.7,-30.7,106.1,799.8479951
410,1370,-107.2,44.7,-30.7,94.6,566.9368913
411,1370,-107.2,44.7,-30.7,98.1,632.2201463
412,1370,-107.2,44.7,-30.7,99.4,657.688824
413,1370,-107.2,44.7,-30.7,89.9,486.5644604
414,1370,-107.2,44.7,-30.7,95.7,586.9446145
415,1370,-107.2,44.7,-30.7,96.7,605.5370644
416,1370,-107.2,44.7,-30.7,95.8,588.7864896
417,1370,-107.2,44.7,-30.7,102.7,725.3917962
418,1370,-107.2,44.7,-30.7,103.1,733.9007046
419,1370,-107.2,44.7,-30.7,94.8,570.540293
420,399,-101.6,29.8,-31,88,456.3618429
421,399,-101.6,29.8,-31,91.5,513.0085355
422,399,-101.6,29.8,-31,95.8,588.7864896
423,399,-101.6,29.8,-31,95.7,586.9446145
424,399,-101.6,29.8,-31,94.6,566.9368913
425,399,-101.6,29.8,-31,94.3,561.5602866
426,399,-101.6,29.8,-31,93.1,540.3937926
427,399,-101.6,29.8,-31,95.5,583.2723961
428,399,-101.6,29.8,-31,99.1,651.7518495
430,399,-101.6,29.8,-31,99.8,665.6607235
431,399,-101.6,29.8,-31,86.4,431.919226
432,399,-101.6,29.8,-31,96.5,601.7876195
433,399,-101.6,29.8,-31,87.5,448.6270624
434,399,-101.6,29.8,-31,83.7,392.6790058
435,399,-101.6,29.8,-31,95.5,583.2723961
436,399,-101.6,29.8,-31,95,574.1589311
438,399,-101.6,29.8,-31,84.5,404.0465805
439,399,-101.6,29.8,-31,87.4,447.0906697
440,399,-101.6,29.8,-31,81.5,362.5218061
441,399,-101.6,29.8,-31,95.9,590.6322139
443,399,-101.6,29.8,-31,101,689.9624095
444,399,-101.6,29.8,-31,97.5,620.6905823
445,399,-101.6,29.8,-31,79.8,340.3062951
446,399,-101.6,29.8,-31,83.6,391.2732351
460,973,-101.9,33.6,-30.9,91,504.6444319
461,1677,-104.3,44.3,-31.1,92.5,530.0129818
462,1677,-104.3,44.3,-31.1,99,649.7808271
463,1677,-104.3,44.3,-31.1,97.9,628.3612345
465,1677,-104.3,44.3,-31.1,101,689.9624095
466,1677,-104.3,44.3,-31.1,101.4,698.1924912
467,1677,-104.3,44.3,-31.1,108.8,862.4779383
468,1677,-104.3,44.3,-31.1,110.5,903.5415795
469,1677,-104.3,44.3,-31.1,91.3,509.6518927
470,1677,-104.3,44.3,-31.1,103.5,742.4758944
471,1677,-104.3,44.3,-31.1,101.6,702.3319616
474,1677,-104.3,44.3,-31.1,101.3,696.1288694
475,1677,-104.3,44.3,-31.1,90.1,489.8190614
476,1677,-104.3,44.3,-31.1,96.6,603.6604013
477,1677,-104.3,44.3,-31.1,98.2,634.1555128
482,1677,-104.3,44.3,-31.1,98.6,641.9364758
488,1677,-104.3,44.3,-31.1,98.1,632.2201463
489,1677,-104.3,44.3,-31.1,97.9,628.3612345
490,1677,-104.3,44.3,-31.1,98.5,639.9853024
491,1677,-104.3,44.3,-31.1,95.9,590.6322139
492,1677,-104.3,44.3,-31.1,112.2,945.8883566
493,1677,-104.3,44.3,-31.1,94.9,572.3477055
494,1677,-104.3,44.3,-31.1,97.9,628.3612345
495,1677,-104.3,44.3,-31.1,97.9,628.3612345
496,1677,-104.3,44.3,-31.1,103.7,746.7884252
498,1677,-104.3,44.3,-31.1,95.4,581.4420448
499,1677,-104.3,44.3,-31.1,93,538.654329
500,1677,-104.3,44.3,-31.1,94.8,570.540293
501,1677,-104.3,44.3,-31.1,101.5,700.2601872
502,1677,-104.3,44.3,-31.1,90.1,489.8190614
503,1677,-104.3,44.3,-31.1,101.1,692.0138326
504,1677,-104.3,44.3,-31.1,98.5,639.9853024
505,1677,-104.3,44.3,-31.1,107.1,822.6776926
506,1677,-104.3,44.3,-31.1,95.5,583.2723961
507,1677,-104.3,44.3,-31.1,98.6,641.9364758
528,371,-92.4,45.4,-30.1,100.1,671.6817389
529,371,-92.4,45.4,-30.1,107.9,841.2510957
530,371,-92.4,45.4,-30.1,109.5,879.2323651
531,371,-92.4,45.4,-30.1,109.6,881.6434214
532,371,-92.4,45.4,-30.1,106.9,818.0774552
533,371,-92.4,45.4,-30.1,104.4,762.0137445
534,371,-92.4,45.4,-30.1,95.6,585.1065847
535,371,-92.4,45.4,-30.1,98.5,639.9853024
536,371,-92.4,45.4,-30.1,94.3,561.5602866
537,371,-92.4,45.4,-30.1,91.5,513.0085355
539,371,-92.4,45.4,-30.1,97.4,618.7827232
540,371,-92.4,45.4,-30.1,103.3,738.1799983
541,371,-92.4,45.4,-30.1,91.2,507.979076
542,382,-95.6,42.6,-28.9,107.1,822.6776926
543,382,-95.6,42.6,-28.9,99.9,667.6637133
544,382,-95.6,42.6,-28.9,99.9,667.6637133
545,382,-95.6,42.6,-28.9,99.9,667.6637133
546,382,-95.6,42.6,-28.9,95.4,581.4420448
547,382,-95.6,42.6,-28.9,95.4,581.4420448
548,382,-95.6,42.6,-28.9,99.4,657.688824
549,382,-95.6,42.6,-28.9,99.4,657.688824
550,382,-95.6,42.6,-28.9,103.3,738.1799983
551,382,-95.6,42.6,-28.9,103.3,738.1799983
552,382,-95.6,42.6,-28.9,105.9,795.3333416
553,382,-95.6,42.6,-28.9,103.6,744.6300784
554,382,-95.6,42.6,-28.9,103.6,744.6300784
555,382,-95.6,42.6,-28.9,95.2,577.7928376
556,382,-95.6,42.6,-28.9,99.9,667.6637133
557,382,-95.6,42.6,-28.9,107.1,822.6776926
558,382,-95.6,42.6,-28.9,94.9,572.3477055
559,382,-95.6,42.6,-28.9,94.9,572.3477055
560,382,-95.6,42.6,-28.9,102.5,721.1621171
561,382,-95.6,42.6,-28.9,102.5,721.1621171
562,382,-95.6,42.6,-28.9,102.3,716.9489119
563,382,-95.6,42.6,-28.9,102.3,716.9489119
564,382,-95.6,42.6,-28.9,102.2,714.848477
565,382,-95.6,42.6,-28.9,102.2,714.848477
566,382,-95.6,42.6,-28.9,105.5,786.3550636
567,382,-95.6,42.6,-28.9,105.5,786.3550636
568,382,-95.6,42.6,-28.9,106.2,802.1117145
569,382,-95.6,42.6,-28.9,101.2,694.0693178
570,424,-95.1,47.1,-29.1,96.3,598.0536843
571,424,-95.1,47.1,-29.1,97.9,628.3612345
572,424,-95.1,47.1,-29.1,95.7,586.9446145
573,424,-95.1,47.1,-29.1,101.5,700.2601872
574,424,-95.1,47.1,-29.1,105.1,777.4446099
575,424,-95.1,47.1,-29.1,100.4,677.7389527
576,424,-95.1,47.1,-29.1,101.7,704.4078183
577,424,-95.1,47.1,-29.1,100.8,685.8717339
578,424,-95.1,47.1,-29.1,102.2,714.848477
579,424,-95.1,47.1,-29.1,100.9,687.9150446
580,424,-95.1,47.1,-29.1,95.8,588.7864896
581,424,-95.1,47.1,-29.1,102.4,719.0534572
582,424,-95.1,47.1,-29.1,89.9,486.5644604
583,424,-95.1,47.1,-29.1,103,731.7672737
584,424,-95.1,47.1,-29.1,111.2,920.8219656
585,424,-95.1,47.1,-29.1,100.6,681.7972591
586,327,-97.3,46.5,-32.2,106.6,811.2093037
587,327,-97.3,46.5,-32.2,103.5,742.4758944
588,327,-97.3,46.5,-32.2,99.7,663.6617437
590,327,-97.3,46.5,-32.2,95.3,579.6155266
591,327,-97.3,46.5,-32.2,106,797.5885388
592,327,-97.3,46.5,-32.2,99.1,651.7518495
593,327,-97.3,46.5,-32.2,99.8,665.6607235
594,405,-96.9,37.9,-30.2,101.1,692.0138326
595,405,-96.9,37.9,-30.2,91.6,514.6923696
596,405,-96.9,37.9,-30.2,92,521.4645513
597,405,-96.9,37.9,-30.2,94.8,570.540293
598,405,-96.9,37.9,-30.2,95.8,588.7864896
599,405,-96.9,37.9,-30.2,95.7,586.9446145
600,405,-96.9,37.9,-30.2,95.8,588.7864896
601,405,-96.9,37.9,-30.2,94.1,557.9948352
602,405,-96.9,37.9,-30.2,114.2,997.3776237
603,405,-96.9,37.9,-30.2,96.2,596.1925227
604,405,-96.9,37.9,-30.2,92.9,536.9186021
605,405,-96.9,37.9,-30.2,94.7,568.7366896
606,405,-96.9,37.9,-30.2,98.4,638.0380868
607,405,-96.9,37.9,-30.2,97.2,614.9787418
608,405,-96.9,37.9,-30.2,108.8,862.4779383
609,405,-96.9,37.9,-30.2,101.8,706.4877613
610,1705,-104.5,41.1,-30.2,102.3,716.9489119
611,1705,-104.5,41.1,-30.2,97.9,628.3612345
612,1705,-104.5,41.1,-30.2,101.8,706.4877613
613,1705,-104.5,41.1,-30.2,110.8,910.9207394
614,1705,-104.5,41.1,-30.2,101.5,700.2601872
615,1705,-104.5,41.1,-30.2,110.3,898.6443459
616,1705,-104.5,41.1,-30.2,110.2,896.2023789
617,1705,-104.5,41.1,-30.2,103.6,744.6300784
618,680,-99.3,40.5,-30.4,113.4,976.5634649
619,680,-99.3,40.5,-30.4,100.2,673.6967828
620,680,-99.3,40.5,-30.4,101.2,694.0693178
621,680,-99.3,40.5,-30.4,114.4,1002.626969
623,680,-99.3,40.5,-30.4,106.9,818.0774552
624,1285,-103.4,40.6,-30.5,103.1,733.9007046
625,1285,-103.4,40.6,-30.5,122,1216.020232
626,1285,-103.4,40.6,-30.5,113.2,971.40557
627,1285,-103.4,40.6,-30.5,113,966.2658687
629,1285,-103.4,40.6,-30.5,102.6,723.2748954
630,1285,-103.4,40.6,-30.5,115,1018.485452
631,1285,-103.4,40.6,-30.5,101.8,706.4877613
632,1285,-103.4,40.6,-30.5,121.1,1189.306352
633,1285,-103.4,40.6,-30.5,99.8,665.6607235
634,1285,-103.4,40.6,-30.5,118.6,1117.159996
635,1285,-103.4,40.6,-30.5,104.8,770.8061246
636,1285,-103.4,40.6,-30.5,115.6,1034.510281
637,1285,-103.4,40.6,-30.5,105.1,777.4446099
638,1285,-103.4,40.6,-30.5,104.3,759.8261466
639,1285,-103.4,40.6,-30.5,110.3,898.6443459
640,1285,-103.4,40.6,-30.5,100.5,679.7660869
641,1285,-103.4,40.6,-30.5,100.6,681.7972591
642,1285,-103.4,40.6,-30.5,122.3,1225.01295
643,1285,-103.4,40.6,-30.5,115.7,1037.197319
644,1285,-103.4,40.6,-30.5,100.7,683.8324734
645,1285,-103.4,40.6,-30.5,117,1072.553326
646,1285,-103.4,40.6,-30.5,108.2,848.2875462
647,1285,-103.4,40.6,-30.5,98.3,636.0948249
648,1285,-103.4,40.6,-30.5,97.3,616.8787777
649,1285,-103.4,40.6,-30.5,107.4,829.6103335
650,1285,-103.4,40.6,-30.5,103.7,746.7884252
651,1285,-103.4,40.6,-30.5,100.5,679.7660869
652,1285,-103.4,40.6,-30.5,110.9,913.3893579
653,1285,-103.4,40.6,-30.5,99,649.7808271
654,1285,-103.4,40.6,-30.5,101,689.9624095
655,1285,-103.4,40.6,-30.5,110.1,893.7648397
656,1285,-103.4,40.6,-30.5,110.6,905.9968542
657,1285,-103.4,40.6,-30.5,103.7,746.7884252
658,1285,-103.4,40.6,-30.5,109.8,886.4787493
659,1285,-103.4,40.6,-30.5,106.9,818.0774552
660,1285,-103.4,40.6,-30.5,103.6,744.6300784
661,1285,-103.4,40.6,-30.5,110.9,913.3893579
662,1285,-103.4,40.6,-30.5,119.2,1134.201128
663,1285,-103.4,40.6,-30.5,105.4,784.1211017
664,1285,-103.4,40.6,-30.5,98.6,641.9364758
665,1285,-103.4,40.6,-30.5,115.5,1031.827888
666,1285,-103.4,40.6,-30.5,114.1,994.759836
667,1285,-103.4,40.6,-30.5,114,992.1466329
668,1285,-103.4,40.6,-30.5,114.8,1013.180851
669,1049,-102.1,41.3,-31.1,96.3,598.0536843
670,1049,-102.1,41.3,-31.1,103.5,742.4758944
671,1049,-102.1,41.3,-31.1,111.4,925.7993709
674,1049,-102.1,41.3,-31.2,105,775.2275639
676,1049,-102.1,41.3,-31.2,102.5,721.1621171
677,1049,-102.1,41.3,-31.2,97.8,626.437681
685,1020,-101.4,34.5,-31.2,100.5,679.7660869
686,1020,-101.4,34.5,-31.2,93.2,542.1369971
687,1020,-101.4,34.5,-31.2,102.5,721.1621171
688,1450,-104.5,40.4,-31.2,102.1,712.7521484
689,1450,-104.5,40.4,-31.2,100.3,675.7158527
690,1450,-104.5,40.4,-31.2,99.7,663.6617437
691,1450,-104.5,40.4,-31.2,114.3,1000
692,1450,-104.5,40.4,-31.2,98.4,638.0380868
693,1450,-104.5,40.4,-31.2,104.4,762.0137445
694,1450,-104.5,40.4,-31.2,105,775.2275639
695,1450,-104.5,40.4,-31.2,100.8,685.8717339
696,1450,-104.5,40.4,-31.2,108.1,845.9377205
697,1450,-104.5,40.4,-31.2,100.1,671.6817389
698,1450,-104.5,40.4,-31.2,107,820.3754243
699,1450,-104.5,40.4,-31.2,97.5,620.6905823
700,1450,-104.5,40.4,-31.2,116.5,1058.861322
701,1450,-104.5,40.4,-31.2,106.4,806.6519587
702,1450,-104.5,40.4,-31.2,96.8,607.4176129
703,1450,-104.5,40.4,-31.2,103.9,751.1176227
704,1450,-104.5,40.4,-31.2,97.4,618.7827232
705,1450,-104.5,40.4,-31.2,105,775.2275639
706,1450,-104.5,40.4,-31.2,98,630.2887216
707,1450,-104.5,40.4,-31.2,99,649.7808271
708,1000,-101.5,39.5,-31.2,104,753.2884815
709,1000,-101.5,39.5,-31.2,98,630.2887216
710,1000,-101.5,39.5,-31.2,92,521.4645513
711,1000,-101.5,39.5,-31.2,95,574.1589311
712,1000,-101.5,39.5,-31.2,98,630.2887216
714,1000,-101.5,39.5,-31.2,102,710.6599223
715,1000,-101.5,39.5,-31.7,108.5,855.3631243
716,1000,-101.5,39.5,-31.7,112.8,961.1443288
717,1000,-101.5,39.5,-31.7,112.8,961.1443288
718,2082,-109.3,42,-31.7,116.2,1050.702324
719,2082,-109.3,42,-31.7,116.8,1067.06245
720,2082,-109.3,42,-31.7,121.2,1192.255044
721,2082,-109.3,42,-31.7,112.7,958.5903594
722,2082,-109.3,42,-31.7,110.5,903.5415795
723,2082,-109.3,42,-31.7,119.5,1142.786298
724,2082,-109.3,42,-31.7,112.8,961.1443288
725,2082,-109.3,42,-31.7,109.3,874.4234476
726,2082,-109.3,42,-31.7,109.1,869.6320969
727,2082,-109.3,42,-31.7,112.3,948.4197247
728,2082,-109.3,42,-31.7,120.3,1165.891647
729,2082,-109.3,42,-31.7,105.3,781.8913748
730,2082,-109.3,42,-31.7,97,611.1903824
731,2082,-109.3,42,-31.7,106.7,813.4943989
732,2082,-109.3,42,-31.7,114.7,1010.535471
733,2082,-109.3,42,-31.7,111.4,925.7993709
734,2082,-109.3,42,-31.7,101.6,702.3319616
735,2082,-109.3,42,-31.7,116.9,1069.805539
736,2082,-109.3,42,-31.7,113.3,973.9822413
738,2082,-109.3,42,-31.7,108.8,862.4779383
739,2082,-109.3,42,-31.7,113.1,968.8334471
740,2082,-109.3,42,-31.7,112.5,953.4960015
741,2082,-109.3,42,-31.7,112.3,948.4197247
742,2082,-109.3,42,-31.7,112.7,958.5903594
744,2082,-109.3,42,-31.7,122.1,1219.012898
745,2082,-109.3,42,-31.7,110.6,905.9968542
746,2082,-109.3,42,-31.7,111.2,920.8219656
747,2082,-109.3,42,-31.7,103.6,744.6300784
749,2082,-109.3,42,-31.7,103.9,751.1176227
750,2082,-109.3,42,-31.7,111.4,925.7993709
751,2082,-109.3,42,-31.7,103.3,738.1799983
752,2082,-109.3,42,-31.7,111.8,935.8079266
753,2082,-109.3,42,-31.7,107.5,831.9298391
756,1375,-104.3,40.3,-33.3,99.6,661.6667698
757,1375,-104.3,40.3,-33.3,102.1,712.7521484
758,1375,-104.3,40.3,-33.3,101.9,708.5717946
759,1375,-104.3,40.3,-33.3,100.5,679.7660869
760,1375,-104.3,40.3,-33.3,107.5,831.9298391
761,1375,-104.3,40.3,-33.3,112.5,953.4960015
762,1375,-104.3,40.3,-33.3,103.1,733.9007046
763,1375,-104.3,40.3,-33.3,101.3,696.1288694
764,1375,-104.3,40.3,-33.3,101,689.9624095
765,1375,-104.3,40.3,-33.3,109.4,876.8257085
766,1375,-104.3,40.3,-33.3,101.7,704.4078183
767,1375,-104.3,40.3,-33.3,99.6,661.6667698
768,1358,-104,41.8,-33.3,110.5,903.5415795
769,1358,-104,41.8,-33.3,106.2,802.1117145
770,1358,-104,41.8,-33.3,102.6,723.2748954
771,1358,-104,41.8,-33.3,104,753.2884815
772,1358,-104,41.8,-33.3,104,753.2884815
773,1358,-104,41.8,-33.3,106.3,804.379701
774,1358,-104,41.8,-33.3,107.8,838.9142884
775,1358,-104,41.8,-33.3,100.5,679.7660869
776,1358,-104,41.8,-33.3,108.5,855.3631243
777,1358,-104,41.8,-33.3,103.1,733.9007046
778,1358,-104,41.8,-33.3,102.5,721.1621171
779,1358,-104,41.8,-33.3,100.8,685.8717339
780,1358,-104,41.8,-33.3,101.4,698.1924912
781,1358,-104,41.8,-33.3,118.4,1111.517785
782,1358,-104,41.8,-33.3,112.4,950.9556049
783,1358,-104,41.8,-33.3,100.4,677.7389527
784,1358,-104,41.8,-33.3,99.3,655.7058439
785,1250,-103.3,33.6,-33.3,97.6,622.6023589
786,1250,-103.3,33.6,-33.3,112.6,956.0409183
787,1250,-103.3,33.6,-33.3,111.7,933.2990595
788,1775,-106.3,42.8,-33.3,102.8,727.5128235
789,1775,-106.3,42.8,-33.3,102.5,721.1621171
790,1775,-106.3,42.8,-33.3,97.3,616.8787777
791,1775,-106.3,42.8,-33.3,95.9,590.6322139
792,1775,-106.3,42.8,-33.3,100.5,679.7660869
793,1775,-106.3,42.8,-33.3,112.7,958.5903594
794,1775,-106.3,42.8,-33.3,113.1,968.8334471
795,1775,-106.3,42.8,-33.3,100.5,679.7660869
796,1775,-106.3,42.8,-33.3,99.5,659.6757979
797,1775,-106.3,42.8,-33.3,94.3,561.5602866
798,1775,-106.3,42.8,-33.3,97.8,626.437681
799,1775,-106.3,42.8,-33.3,100.7,683.8324734
800,1775,-106.3,42.8,-33.3,106,797.5885388
801,1775,-106.3,42.8,-33.3,112,940.8391412
802,1775,-106.3,42.8,-33.3,102.5,721.1621171
803,1775,-106.3,42.8,-33.3,106.4,806.6519587
804,1775,-106.3,42.8,-33.3,98,630.2887216
805,1775,-106.3,42.8,-33.3,105,775.2275639
806,1775,-106.3,42.8,-33.3,110.2,896.2023789
808,1775,-106.3,42.8,-33.3,103.3,738.1799983
809,1775,-106.3,42.8,-33.3,95.4,581.4420448
810,1775,-106.3,42.8,-33.3,104.7,768.6017233
811,1775,-106.3,42.8,-33.3,99.2,653.7268538
812,1775,-106.3,42.8,-33.3,98.4,638.0380868
813,1775,-106.3,42.8,-33.3,98.7,643.8916109
814,1775,-106.3,42.8,-33.3,99.6,661.6667698
815,1775,-106.3,42.8,-33.3,88.9,470.5075446
816,1775,-106.3,42.8,-33.3,107.6,834.2536641
817,1775,-106.3,42.8,-33.3,103.2,736.0382781
818,1775,-106.3,42.8,-33.3,103.2,736.0382781
819,1775,-106.3,42.8,-33.3,104.1,755.4635191
820,1775,-106.3,42.8,-33.3,104.3,759.8261466
821,1775,-106.3,42.8,-33.3,102.4,719.0534572
822,1775,-106.3,42.8,-33.3,101.9,708.5717946
823,1775,-106.3,42.8,-33.3,102.7,725.3917962
824,1775,-106.3,42.8,-33.3,100.2,673.6967828
826,1775,-106.3,42.8,-33.3,99.4,657.688824
827,1775,-106.3,42.8,-33.3,99.5,659.6757979
828,1775,-106.3,42.8,-33.3,105.1,777.4446099
829,1775,-106.3,42.8,-33.3,105.2,779.6658789
830,1775,-106.3,42.8,-33.3,104.6,766.4015288
832,1775,-106.3,42.8,-33.3,105.3,781.8913748
833,1315,-102.5,38.7,-33.3,105.6,788.5932646
834,1315,-102.5,38.7,-33.3,98.5,639.9853024
835,1315,-102.5,38.7,-33.3,98,630.2887216
836,1315,-102.5,38.7,-33.3,97.8,626.437681
837,1315,-102.5,38.7,-33.3,99.4,657.688824
838,1315,-102.5,38.7,-33.3,99.2,653.7268538
839,1315,-102.5,38.7,-33.3,94.6,566.9368913
840,1315,-102.5,38.7,-33.3,93.5,547.3890953
841,1315,-102.5,38.7,-33.3,96.1,594.3352265
842,1315,-102.5,38.7,-33.3,101.3,696.1288694
843,1315,-102.5,38.7,-33.3,101.2,694.0693178
844,1315,-102.5,38.7,-33.3,115,1018.485452
845,1315,-102.5,38.7,-33.3,107.3,827.2951432
846,1315,-102.5,38.7,-33.3,108.9,864.8582809
847,1315,-102.5,38.7,-33.3,108.9,864.8582809
848,1315,-102.5,38.7,-33.3,108,843.5922384
849,1315,-102.5,38.7,-33.3,108.1,845.9377205
850,1263,-103.6,42.8,-33.4,113.6,981.7395856
852,1263,-103.6,42.8,-33.4,99.3,655.7058439
853,1263,-103.6,42.8,-33.4,93.4,545.6346444
854,1263,-103.6,42.8,-33.4,122.2,1222.010469
855,1263,-103.6,42.8,-33.4,125.4,1320.547168
856,1263,-103.6,42.8,-33.4,112.2,945.8883566
857,1263,-103.6,42.8,-33.4,98.4,638.0380868
858,1263,-103.6,42.8,-33.4,102.4,719.0534572
859,1263,-103.6,42.8,-33.4,103.1,733.9007046
860,1263,-103.6,42.8,-33.4,89.1,473.690223
861,1263,-103.6,42.8,-33.4,107.2,824.9842642
862,1263,-103.6,42.8,-33.4,105.1,777.4446099
863,1263,-103.6,42.8,-33.4,98.7,643.8916109
864,1263,-103.6,42.8,-33.4,97.1,613.0826113
865,1263,-103.6,42.8,-33.4,96.6,603.6604013
866,1263,-103.6,42.8,-33.4,97.9,628.3612345
867,1263,-103.6,42.8,-33.4,105.1,777.4446099
868,1263,-103.6,42.8,-33.4,95.2,577.7928376
869,1263,-103.6,42.8,-33.4,95.8,588.7864896
870,1263,-103.6,42.8,-33.4,110.3,898.6443459
871,1263,-103.6,42.8,-33.4,94.1,557.9948352
872,1263,-103.6,42.8,-33.4,95.3,579.6155266
873,1263,-103.6,42.8,-33.4,95.7,586.9446145
874,1263,-103.6,42.8,-33.4,101.1,692.0138326
875,1263,-103.6,42.8,-33.4,118.9,1125.659064
876,1263,-103.6,42.8,-33.4,97,611.1903824
877,1263,-103.6,42.8,-33.4,97.8,626.437681
878,1263,-103.6,42.8,-33.4,102.2,714.848477
879,1263,-103.6,42.8,-33.4,103,731.7672737
880,1263,-103.6,42.8,-33.4,104.3,759.8261466
881,1263,-103.6,42.8,-33.4,101.4,698.1924912
882,1263,-103.6,42.8,-33.4,93.3,543.8839463
883,1263,-103.6,42.8,-33.4,97.1,613.0826113
884,1263,-103.6,42.8,-33.4,99.4,657.688824
885,1263,-103.6,42.8,-33.4,98.9,647.8137826
886,1263,-103.6,42.8,-33.4,100.1,671.6817389
887,1263,-103.6,42.8,-33.4,104.8,770.8061246
888,1263,-103.6,42.8,-33.4,100.6,681.7972591
889,1263,-103.6,42.8,-33.4,101.5,700.2601872
890,1263,-103.6,42.8,-33.4,103.7,746.7884252
891,1263,-103.6,42.8,-33.4,97.2,614.9787418
892,1263,-103.6,42.8,-33.4,101.9,708.5717946
893,1263,-103.6,42.8,-33.4,105.2,779.6658789
894,1263,-103.6,42.8,-33.4,96.1,594.3352265
895,2082,-109.3,42,-33.6,114,992.1466329
896,2082,-109.3,42,-33.6,120,1157.190999
897,2082,-109.3,42,-33.6,119,1128.501636
898,1315,-102.5,38.7,-35,109.9,888.903029
899,1315,-102.5,38.7,-35,102.3,716.9489119
900,1315,-102.5,38.7,-35,103.2,736.0382781
901,1315,-102.5,38.7,-35,111.7,933.2990595
902,1315,-102.5,38.7,-35,101.7,704.4078183
903,1315,-102.5,38.7,-35,101.1,692.0138326
904,1315,-102.5,38.7,-35,103.6,744.6300784
905,1315,-102.5,38.7,-35,102.2,714.848477
906,1315,-102.5,38.7,-35,122.7,1237.072057
907,1315,-102.5,38.7,-35,108.5,855.3631243
908,1315,-102.5,38.7,-35,108,843.5922384
909,1315,-102.5,38.7,-35,107.4,829.6103335
910,1315,-102.5,38.7,-35.5,106.2,802.1117145
911,1315,-102.5,38.7,-35.5,104.2,757.6427394
912,1315,-102.5,38.7,-35.5,103.4,740.325869
913,1315,-102.5,38.7,-35.5,106.3,804.379701
915,1315,-102.5,38.7,-35.5,106.4,806.6519587
916,1315,-102.5,38.7,-35.5,101.3,696.1288694
917,1315,-102.5,38.7,-35.5,100.2,673.6967828
918,1315,-102.5,38.7,-35.5,99.9,667.6637133
919,1315,-102.5,38.7,-35.5,102,710.6599223
920,1315,-102.5,38.7,-35.5,103.3,738.1799983
921,1315,-102.5,38.7,-35.5,102.9,729.6379813
922,1315,-102.5,38.7,-35.5,102,710.6599223
923,1315,-102.5,38.7,-35.5,112.4,950.9556049
924,1315,-102.5,38.7,-35.5,116.8,1067.06245
925,1315,-102.5,38.7,-35.5,113.9,989.5380103
926,1315,-102.5,38.7,-35.5,114.7,1010.535471
927,1315,-102.5,38.7,-39.4,105,775.2275639
928,1315,-102.5,38.7,-39.4,100,669.6707171
929,1315,-102.5,38.7,-39.4,96,592.4817916
940,1315,-102.5,38.7,-38.8,72.4,254.1423301
946,1315,-102.5,38.7,-38.8,116.4,1056.136981
955,1315,-102.5,38.7,-38.8,114,992.1466329
967,1315,-102.5,38.7,-38.8,103.6,744.6300784
975,399,-101.6,29.8,-42.4,113.9,989.5380103
1007,845,-101,38.8,-48.3,106,797.5885388
1008,845,-101,38.8,-48.3,111,915.8624325
1009,845,-101,38.8,-48.3,126,1339.59323
1011,845,-101,38.8,-48.3,117,1072.553326
1012,845,-101,38.8,-48.3,117,1072.553326
1013,1716,-105,40.9,-48.4,106.2,802.1117145
1014,1716,-105,40.9,-48.4,104,753.2884815
1015,1716,-105,40.9,-48.4,117.8,1094.705198
1016,1716,-105,40.9,-48.4,122.9,1243.131174
1017,1716,-105,40.9,-48.4,118.3,1108.703817
1018,1716,-105,40.9,-48.4,118,1100.290418
1019,1716,-105,40.9,-48.4,123.2,1252.256897
1020,1716,-105,40.9,-48.4,123.6,1264.493849
1021,1716,-105,40.9,-48.4,106.1,799.8479951
1022,1716,-105,40.9,-48.4,108.6,857.730364
1023,1716,-105,40.9,-48.4,120.2,1162.986603
1024,1716,-105,40.9,-48.4,119,1128.501636
1025,1716,-105,40.9,-48.4,113.7,984.3344907
1026,1716,-105,40.9,-48.4,116.6,1061.590345
1027,830,-100.4,36.1,-50.1,105.8,793.0823995
1028,830,-100.4,36.1,-50.1,116.1,1047.992001
1029,830,-100.4,36.1,-50.1,112,940.8391412
1030,830,-100.4,36.1,-50.1,110.9,913.3893579
1031,830,-100.4,36.1,-50.1,116.9,1069.805539
1032,830,-100.4,36.1,-50.1,106,797.5885388
1033,830,-100.4,36.1,-50.1,105.1,777.4446099
1035,830,-100.4,36.1,-50.1,103.7,746.7884252
1036,830,-100.4,36.1,-50.1,114.6,1007.894701
1037,830,-100.4,36.1,-50.1,103.2,736.0382781
1038,830,-100.4,36.1,-50.1,110,891.3317244
1039,830,-100.4,36.1,-50.1,104.5,764.2055372
1040,830,-100.4,36.1,-50.1,107.2,824.9842642
1041,830,-100.4,36.1,-50.1,107.7,836.5818126
1042,830,-100.4,36.1,-50.1,117.7,1091.91969
1043,830,-100.4,36.1,-50.1,101.7,704.4078183
1044,830,-100.4,36.1,-50.1,126.5,1355.604136
1045,830,-100.4,36.1,-50.1,116.6,1061.590345
1046,830,-100.4,36.1,-50.1,98.6,641.9364758
1047,830,-100.4,36.1,-50.1,105.4,784.1211017
1048,830,-100.4,36.1,-50.1,121.1,1189.306352
1049,830,-100.4,36.1,-50.1,108.4,853.000244
1050,830,-100.4,36.1,-50.1,102.7,725.3917962
1051,830,-100.4,36.1,-50.1,107.1,822.6776926
1052,830,-100.4,36.1,-50.1,106.7,813.4943989
1053,830,-100.4,36.1,-50.1,99.8,665.6607235
1054,830,-100.4,36.1,-50.1,107,820.3754243
1055,830,-100.4,36.1,-50.1,124.2,1282.998346
1056,830,-100.4,36.1,-50.1,110.3,898.6443459
1057,830,-100.4,36.1,-50.1,98.5,639.9853024
1058,830,-100.4,36.1,-50.1,108.5,855.3631243
1059,830,-100.4,36.1,-50.1,103.6,744.6300784
1060,830,-100.4,36.1,-50.1,110.2,896.2023789
1061,830,-100.4,36.1,-50.1,107.5,831.9298391
1062,1972,-103.9,36.8,-50.1,125,1307.950619
1063,1972,-103.9,36.8,-50.1,99,649.7808271
1064,1972,-103.9,36.8,-50.1,104,753.2884815
1065,1972,-103.9,36.8,-50.1,102,710.6599223
1066,1972,-103.9,36.8,-50.1,107,820.3754243
1067,1972,-103.9,36.8,-50.1,103,731.7672737
1068,1972,-103.9,36.8,-50.1,104,753.2884815
1069,1972,-103.9,36.8,-50.1,112,940.8391412
1070,1972,-103.9,36.8,-50.1,116,1045.286344
1071,1972,-103.9,36.8,-50.1,108,843.5922384
1072,1972,-103.9,36.8,-50.1,120,1157.190999
1073,1972,-103.9,36.8,-50.1,111,915.8624325
1075,1972,-103.9,36.8,-50.1,115,1018.485452
1076,1972,-103.9,36.8,-50.1,121.5,1201.130355
1077,1972,-103.9,36.8,-50.1,114,992.1466329
1078,54,-118.4,34.1,-49.5,107.2,824.9842642
1079,941,-104.2,45.9,-42.1,103.2,736.0382781
1080,941,-104.2,45.9,-42.1,104,753.2884815
1081,941,-104.2,45.9,-42.1,105.9,795.3333416
1082,941,-104.2,45.9,-42.1,106.7,813.4943989
1083,941,-104.2,45.9,-42.1,105.4,784.1211017
1084,1253,-103.3,34.3,-41.9,120,1157.190999
1085,1253,-103.3,34.3,-41.9,111,915.8624325
1086,54,-118.4,34.1,-39.1,103.6,744.6300784
1087,54,-118.4,34.1,-39.1,118.2,1105.894603
1088,54,-118.4,34.1,-39.1,112.8,961.1443288
1089,54,-118.4,34.1,-39.1,112.7,958.5903594
1090,1253,-103.3,34.3,-41.6,115,1018.485452
1091,1253,-103.3,34.3,-41.6,111,915.8624325
1092,1253,-103.3,34.3,-41.6,116,1045.286344
1093,54,-118.4,34.1,-45.1,110.5,903.5415795
1094,54,-118.4,34.1,-45.1,125,1307.950619
1095,54,-118.4,34.1,-46.2,116.8,1067.06245
1096,54,-118.4,34.1,-46.2,114.7,1010.535471
1097,54,-118.4,34.1,-46.2,100.6,681.7972591
1098,54,-118.4,34.1,-46.2,110.9,913.3893579
1099,54,-118.4,34.1,-46.2,117.1,1075.305814
1100,54,-118.4,34.1,-46.2,107,820.3754243
1101,54,-118.4,34.1,-46.2,117.6,1089.138911
1102,54,-118.4,34.1,-46.2,113.1,968.8334471
1103,54,-118.4,34.1,-46.2,110.9,913.3893579
1104,54,-118.4,34.1,-46.2,108.3,850.6417194
1105,54,-118.4,34.1,-46.2,112.1,943.3614968
1107,54,-118.4,34.1,-46.2,111.7,933.2990595
1108,54,-118.4,34.1,-46.2,111.5,928.2947856
1109,54,-118.4,34.1,-46.2,111.3,923.3084322
1110,54,-118.4,34.1,-46.2,119.2,1134.201128
1111,54,-118.4,34.1,-46.2,114.7,1010.535471
1112,54,-118.4,34.1,-47.8,121.7,1207.071632
1113,54,-118.4,34.1,-47.8,112.4,950.9556049
1115,54,-118.4,34.1,-47.8,111.5,928.2947856
1116,54,-118.4,34.1,-47.8,116.3,1053.417316
1117,54,-118.4,34.1,-47.8,107.6,834.2536641
1118,54,-118.4,34.1,-47.8,110.9,913.3893579
1119,54,-118.4,34.1,-47.8,115.5,1031.827888
1120,54,-118.4,34.1,-47.8,117.6,1089.138911
1121,54,-118.4,34.1,-47.8,119.2,1134.201128
1122,54,-118.4,34.1,-47.8,110.4,901.0907447
1123,54,-118.4,34.1,-47.8,118.2,1105.894603
1124,54,-118.4,34.1,-47.8,109.3,874.4234476
1125,54,-118.4,34.1,-47.8,108.5,855.3631243
1126,54,-118.4,34.1,-47.8,119.1,1131.348989
1127,54,-118.4,34.1,-47.8,110.8,910.9207394
1128,54,-118.4,34.1,-47.8,111.1,918.339967
1129,54,-118.4,34.1,-47.8,115.4,1029.150135
1130,54,-118.4,34.1,-47.8,135.7,1673.404189
1131,54,-118.4,34.1,-47.8,108.9,864.8582809
1132,54,-118.4,34.1,-47.8,105.4,784.1211017
1133,54,-118.4,34.1,-47.8,112.8,961.1443288
1134,54,-118.4,34.1,-47.8,113.9,989.5380103
1136,54,-118.4,34.1,-47.8,118.7,1119.988248
1137,54,-118.4,34.1,-47.8,112.3,948.4197247
1138,54,-118.4,34.1,-47.8,110.9,913.3893579
1139,54,-118.4,34.1,-47.8,110.6,905.9968542
1140,54,-118.4,34.1,-47.8,107.6,834.2536641
1141,54,-118.4,34.1,-47.8,110.7,908.4565728
1142,54,-118.4,34.1,-47.8,112.8,961.1443288
1143,54,-118.4,34.1,-47.8,115.4,1029.150135
1144,54,-118.4,34.1,-47.8,116.5,1058.861322
1145,54,-118.4,34.1,-47.8,105.3,781.8913748
1146,54,-118.4,34.1,-47.8,118.9,1125.659064
1147,54,-118.4,34.1,-43.3,110.7,908.4565728
1148,54,-118.4,34.1,-43.3,123.8,1270.642106
1149,54,-118.4,34.1,-43.3,110.5,903.5415795
1150,54,-118.4,34.1,-43.3,114.3,1000
1151,54,-118.4,34.1,-43.3,123.7,1267.565493
1152,54,-118.4,34.1,-43.3,109.6,881.6434214
1153,54,-118.4,34.1,-43.3,113,966.2658687
1154,54,-118.4,34.1,-49.6,113.3,973.9822413
1155,54,-118.4,34.1,-49.6,115.3,1026.477019
1156,54,-118.4,34.1,-43.1,110.1,893.7648397
1157,54,-118.4,34.1,-43.1,114.6,1007.894701
1158,54,-118.4,34.1,-43.1,121.3,1195.208606
1159,54,-118.4,34.1,-43.1,111.9,938.3212858
1160,54,-118.4,34.1,-45.8,121,1186.362525
1161,54,-118.4,34.1,-45.8,109.3,874.4234476
1163,54,-118.4,34.1,-45.8,106.5,808.9284916
1165,54,-118.4,34.1,-45.8,109.5,879.2323651
1166,54,-118.4,34.1,-45.8,125.8,1333.224335
1167,54,-118.4,34.1,-50.4,99.1,651.7518495
1168,54,-118.4,34.1,-50.4,100.6,681.7972591
1169,54,-118.4,34.1,-50.4,94.1,557.9948352